{"data":[{"xs":{"input0":407.3972705744396,"input1":197.19454387939925,"input2":435.4408317699767,"input3":171.9768115186784,"input4":375.97736916346855,"input5":171.15534315797086,"input6":478.7386849237929,"input7":188.05765073898937,"input8":343.7283967670641,"input9":196.77726344058385,"input10":544.7472906577424,"input11":382.38148233811523,"input12":287.3619272927327,"input13":339.0769341117457,"input14":588.9674380415829,"input15":554.0817525465818,"input16":196.78519384670443,"input17":450.5945282279864,"input18":573.3144689489294,"input19":541.900383724339,"input20":157.8700335169861,"input21":403.23028029057014,"input22":509.33857819257884,"input23":536.4939145688658,"input24":324.66648034882127,"input25":531.5093262432611,"input26":495.79751057466797,"input27":530.7935534025493,"input28":316.4323190313566,"input29":537.244421529491,"input30":497.9021974381415,"input31":554.0758420709977,"input32":318.48106324788887,"input33":554.7364438300476},"ys":{"output0":"r"}},{"xs":{"input0":382.2066148308053,"input1":193.8322094774153,"input2":414.9016123394287,"input3":168.73945031714484,"input4":352.8353602240192,"input5":171.81988156562193,"input6":456.63760224281,"input7":185.7746330989964,"input8":326.6946107741685,"input9":200.61575348614252,"input10":529.8968065644798,"input11":371.0164625974659,"input12":269.06606692784476,"input13":339.90518105192723,"input14":573.9535924008018,"input15":552.6885587755467,"input16":147.19512166103192,"input17":438.1201349596763,"input18":551.4904803002787,"input19":537.5357124075787,"input20":204.00332980685764,"input21":366.6205785799677,"input22":498.4681395294606,"input23":536.3510784721745,"input24":284.42538553278814,"input25":532.6955998292443,"input26":500.37087408887476,"input27":530.464929651331,"input28":275.50600791767556,"input29":534.3476617824264,"input30":497.2414234600104,"input31":555.7043677138538,"input32":278.3427023190504,"input33":554.3463649340772},"ys":{"output0":"r"}},{"xs":{"input0":328.68686073704765,"input1":184.36507613570598,"input2":358.10198183412905,"input3":167.35645316497622,"input4":297.9915749771088,"input5":158.0736117892795,"input6":394.78832520007154,"input7":193.9038002653661,"input8":268.19661398844875,"input9":187.18632510298642,"input10":462.56057679769356,"input11":361.40432168168627,"input12":204.4688046698914,"input13":335.6563182927479,"input14":485.28942085846126,"input15":534.4873927304154,"input16":86.0866922895346,"input17":447.87129958005903,"input18":473.8681886907209,"input19":488.8698335465399,"input20":135.8831641362657,"input21":335.2274124710648,"input22":455.84839878491255,"input23":536.1869490774054,"input24":224.7301175301535,"input25":533.0682599103009,"input26":437.0492509094595,"input27":549.7898141961348,"input28":215.4808154487238,"input29":532.7142125774777,"input30":438.4686873437833,"input31":554.9249359785232,"input32":219.79247689944262,"input33":553.4281781588846},"ys":{"output0":"r"}},{"xs":{"input0":607.6886420593856,"input1":336.8188204402812,"input2":614.873307434439,"input3":324.74658155534235,"input4":606.0382306134259,"input5":326.8695966635066,"input6":643.7823385197748,"input7":320.9673661795276,"input8":604.9245329442313,"input9":330.7191999706841,"input10":647.1361882319459,"input11":354.8360334548801,"input12":638.2660590277777,"input13":356.26574956882763,"input14":622.7787985996893,"input15":383.49097744530866,"input16":619.7750247709932,"input17":380.45708609835674,"input18":569.0194517734222,"input19":384.41411009076506,"input20":571.0317814698693,"input21":383.7725722998903,"input22":646.1876549079404,"input23":424.5577925594694,"input24":645.4899754812378,"input25":422.0743107191535,"input26":612.6045598853633,"input27":449.9959601389269,"input28":613.9862331219351,"input29":450.27795029430126,"input30":592.780165644417,"input31":471.9972600806758,"input32":620.9339558264898,"input33":474.52957331785683},"ys":{"output0":"l"}},{"xs":{"input0":604.3660874394645,"input1":337.27915029544346,"input2":612.6565462525127,"input3":326.29002502322425,"input4":603.5532077246475,"input5":329.38003748248656,"input6":640.2869520875213,"input7":315.5389535171479,"input8":606.795399091397,"input9":322.4247798213252,"input10":649.4472213655885,"input11":358.49604370533604,"input12":630.9083982471369,"input13":361.5033794797187,"input14":637.052463137383,"input15":407.78422037760413,"input16":595.0502965975458,"input17":390.0365752876386,"input18":574.6513934813977,"input19":404.55806501659964,"input20":567.4154948630528,"input21":394.3144704956292,"input22":642.67073811611,"input23":444.84821877284355,"input24":635.4140259740877,"input25":443.3845520019531,"input26":613.1459238747639,"input27":474.0717879326952,"input28":571.7674234550134,"input29":474.9149898060581,"input30":597.5329436660975,"input31":518.8235274253533,"input32":576.7085960641009,"input33":518.1019021195974},"ys":{"output0":"l"}},{"xs":{"input0":375.29295090346307,"input1":267.3756477103131,"input2":378.4599514639633,"input3":222.90209199485258,"input4":331.05466013531003,"input5":222.89171958759744,"input6":381.7038328233983,"input7":185.81342135721246,"input8":288.746505648072,"input9":185.38882844861718,"input10":409.80439957587106,"input11":334.42378529331137,"input12":324.29819326419346,"input13":348.9508627729806,"input14":417.5106589928937,"input15":412.93122230217466,"input16":421.66080065870375,"input17":415.65741644965277,"input18":548.8013361583211,"input19":311.896968492058,"input20":555.9737463164747,"input21":303.3338853862086,"input22":369.186191967821,"input23":451.1163811934622,"input24":325.2623637238441,"input25":450.843883611073,"input26":363.3481022349575,"input27":451.67673449302504,"input28":347.0396646421555,"input29":452.2198426839668,"input30":363.07333308586135,"input31":490.06390368961684,"input32":363.5384545874642,"input33":490.1468775936967},"ys":{"output0":"l"}}]}